{"cameraMode":{"drawMode":0,"name":"Shaded","section":"Shading Mode"},"sceneLighting":false,"audioPlay":false,"sceneViewState":{"m_AlwaysRefresh":false,"showFog":true,"showSkybox":false,"showFlares":true,"showImageEffects":true,"showParticleSystems":true,"showVisualEffectGraphs":true,"m_FxEnabled":true},"in2DMode":false,"pivot":{"x":-0.2884589433670044,"y":1.4788172245025635,"z":3.5762786865234377e-7},"rotation":{"x":0.13310568034648896,"y":0.8625460863113403,"z":-0.29544389247894289,"w":0.3886050581932068},"size":2.0014355182647707,"orthographic":false}