{"cameraMode":{"drawMode":0,"name":"Shaded","section":"Shading Mode"},"sceneLighting":false,"audioPlay":false,"sceneViewState":{"m_AlwaysRefresh":false,"showFog":true,"showSkybox":false,"showFlares":true,"showImageEffects":true,"showParticleSystems":true,"showVisualEffectGraphs":true,"m_FxEnabled":true},"in2DMode":false,"pivot":{"x":-0.45377278327941897,"y":2.531095027923584,"z":0.21569156646728517},"rotation":{"x":0.13310568034648896,"y":0.8625460863113403,"z":-0.29544389247894289,"w":0.3886050581932068},"size":3.1840667724609377,"orthographic":false}